university,URL,Acronym,country,ranking_latin_america,ranking_world,Presence, Impact ,Opening ,excellence ,accessibility_errors,accessibility_alerts,accessibility_features,structural_elements,html5_aria,contrast_errors
Universidade de São Paulo USP,http://www.usp.br/,USP,Brasil,1,79,80,127,137,70,36,38,5,66,36,137
Universidad Nacional Autónoma de México,http://www.unam.mx/,UNAM,México,2,155,79,92,279,339,1,112,26,30,17,13
Universidade Federal do Rio de Janeiro,http://ufrj.br/,UFRJ,Brasil,3,212,39,213,312,348,7,25,25,54,5,42
Universidade Estadual de Campinas UNICAMP,http://www.unicamp.br/,UNICAMP,Brasil,4,286,292,319,298,331,2,68,52,36,24,24
Universidad de Chile,http://www.uchile.cl/,UCHILE,Chile,5,357,225,330,570,428,1,184,43,64,8,32
Universidade Estadual Paulista Júlio de Mesquita Filho,http://www.unesp.br/,UNESP,Brasil,6,362,366,559,103,369,55,22,14,57,66,78
Universidade Federal do Rio Grande do Sul UFRGS,http://www.ufrgs.br/,UFRGS,Brasil,7,368,223,399,471,421,7,25,25,54,5,42
Universidad de Buenos Aires,http://www.uba.ar/,UBA,Argentina,8,387,284,426,634,445,14,11,24,40,21,15
Universidade Federal de Minas Gerais UFMG,http://ufmg.br/,UFMG,Brasil,9,422,346,584,435,458,6,155,37,77,268,67
Universidade Federal de Santa Catarina UFSC,http://ufsc.br/,UFSC,Brasil,10,433,154,324,782,644,33,25,1,73,5,8
Pontificia Universidad Católica de Chile,http://www.uc.cl/,UC,Chile,11,457,91,723,913,406,3,20,36,44,0,27
Universidad Nacional de Colombia,http://unal.edu.co/,UNAL,Colombia,12,502,252,250,748,907,18,50,61,44,7,41
Universidade Federal do Paraná,http://www.ufpr.br/,UFPR,Brasil,13,553,30,574,738,817,22,112,18,55,18,8
Universidade de Brasília UNB,http://www.unb.br/,UNB,Brasil,14,594,414,563,740,821,26,35,25,56,6,2
Universidade Federal Fluminense,http://www.uff.br/,UFF,Brasil,15,596,259,407,1118,930,17,44,23,63,39,31
Universidad de los Andes Colombia,http://uniandes.edu.co/,UNIANDES,Colombia,16,617,441,648,423,854,45,149,74,140,360,19
Universidad de Puerto Rico,http://www.upr.edu/,UPR,Puerto Rico,17,620,286,845,544,714,0,23,15,34,9,6
Centro de Investigación y de Estudios Avanzados del IPN CINVESTAV,http://www.cinvestav.mx/,CINVESTAV,México,18,672,2511,1385,165,593,75,50,148,46,55,21
Universidade Federal do Ceará,http://www.ufc.br/,UFC,Brasil,19,714,603,850,702,875,3,18,38,27,9,6
Universidade Federal da Bahia,http://www.ufba.br/,UFBA,Brasil,20,731,525,727,837,976,35,23,14,25,8,20
Universidade Federal do Rio Grande do Norte,http://ufrn.br/,UFRN,Brasil,21,734,645,754,751,963,29,10,5,95,72,19
Universidade Federal de Goiás UFG,http://www.ufg.br/,UFG,Brasil,22,774,52,849,889,1092,16,130,70,57,35,41
Universidade do Estado do Rio de Janeiro UERJ,http://www.uerj.br/,UERJ,Brasil,23,775,765,1359,304,813,34,53,18,52,46,68
Universidade Federal de Pernambuco,http://www.ufpe.br/,UFPE,Brasil,24,788,758,1128,794,844,14,1588,44,59,184,16
Universidade Federal de São Paulo UNIFESP,http://www.unifesp.br/,UNIFESP,Brasil,25,799,1360,2017,746,556,23,64,31,80,7,49
Universidad de Concepción,http://www.udec.cl/,UDEC,Chile,26,809,1355,991,813,955,22,30,15,25,5,19
Universidad Nacional de Córdoba,http://www.unc.edu.ar/,UNC,Argentina,27,820,457,873,1099,1080,67,27,29,102,137,22
Pontificia Universidade Católica do Rio de Janeiro PUC-RIO,http://www.puc-rio.br/,PUC-RIO,Brasil,28,830,704,827,1035,1130,99,47,49,5,2,6
Universidad de Antioquia,http://www.udea.edu.co/,UDEA,Colombia,29,862,618,1011,1218,1069,27,21,111,45,333,33
Universidade Federal de São Carlos,http://www.ufscar.br/,UFSCAR,Brasil,30,872,1036,1550,690,873,22,19,19,12,15,34
Universidad de Ciencias y Humanidades,http://www.uch.edu.pe/,uch,Peru,1238,14054,3515,16309,8336,5778,257,83,45,53,19,41
Faculdade Padre Dourado FACPED,http://facped.com.br/,facped,Brazil,3203,24015,16860,24666,8635,5778,252,65,40,94,338,53
Universidad de San Carlos de Guatemala,http://www.usac.edu.gt/,usac,Guatemala,231,3064,794,3865,4371,3860,242,72,3,2,0,0
Pontificia Universidade Católica do Campinas PUC-CAMPINAS,http://www.puc-campinas.edu.br/,puc-campinas,Brazil,192,2751,1789,4084,2111,3459,147,400,135,81,37,246
Universidad del Istmo Panamá,http://www.udelistmo.edu/,udelistmo,Panama,2146,19583,6822,21552,8635,5778,135,87,32,256,68,35
Centro Universitário Adventista de São Paulo Campus São Paulo UNASP-SP,http://www.unasp-sp.edu.br/,unasp-sp,Brazil,1646,17118,8113,18275,8635,5778,127,117,156,47,24,372
Faculdade Cenecista de Sete Lagoas,http://fcsl.cnec.br/,fcsl,Brazil,3491,25226,21660,25407,8635,5778,120,10,24,63,83,31
Universidad Nacional Autónoma de Nicaragua Managua,http://www.unan.edu.ni/,unan,Nicaragua,341,3885,926,1290,7345,5778,116,293,76,102,19,38
Escuela Superior Politécnica Agropecuaria de Manabí,http://espam.edu.ec/,espam,Ecuador,1346,14981,4765,16132,8635,5778,109,137,15,74,24,61
Campus Universitario Siglo XXI,http://www.cusxxi.edu.mx/,cusxxi,Mexico,2628,21666,19081,21745,8635,5778,93,46,4,30,1,15
Universidad ICEL,http://www.icel.edu.mx/,icel,Mexico,577,6133,8742,2773,8635,5778,91,64,55,54,299,89
Universidade Comunitaria da Região de Chapecó UNOCHAPECÓ,http://www.unochapeco.edu.br/,unochapeco,Brazil,386,4179,2044,8911,4435,4142,91,28,2,70,7,24
Universidad de las Fuerzas Armadas ESPE,http://www.espe.edu.ec/,espe,Ecuador,440,4667,922,6054,2674,5778,85,97,7,53,11,43
Centro Universitário UNA,http://www.una.br/,una,Brazil,521,5464,9219,9614,4922,4673,84,69,30,133,23,38
Unidade de Ensino Superior do Sul do Maranhão UNISULMA,http://www.unisulma.edu.br/,unisulma,Brazil,2255,20110,16421,20400,8635,5778,84,10,17,31,68,20
Universidad Piloto de Colombia,http://www.unipiloto.edu.co/,unipiloto,Colombia,767,8652,9426,9924,6786,5778,83,69,49,71,4,46
Centro Universitario Barriga Verde UNIBAVE,http://www.unibave.net/,unibave,Brazil,1326,14705,11741,17285,7310,5778,83,26,19,54,12,117
Faculdade Aldeia de Carapicuiba FALC,http://www.falc.edu.br/,falc,Brazil,2933,22922,20224,23057,8635,5778,83,16,10,16,18,37
Fundación Universitaria del Espinal,http://www.fundes.edu.co/,fundes,Colombia,2545,21306,20691,21013,8635,5778,82,30,7,53,41,31
Universidad Católica de Oriente,http://www.uco.edu.co/,uco,Colombia,698,7590,8584,8592,6526,5778,79,65,10,74,22,53
Universidad Católica del Maule,http://www.ucm.cl/,ucm,Chile,282,3458,3110,7769,3524,3381,78,73,49,56,194,9
Fundación de Educación Superior San José,http://www.usanjose.edu.co/,usanjose,Colombia,2491,21102,19853,20909,8635,5778,77,77,8,57,160,70
Faculdade de Ensino Superior Santa Bárbara FAESB,http://www.faesb.edu.br/,faesb,Brazil,3280,24357,17426,24932,8635,5778,77,46,5,19,0,10
Universidade de Franca,http://www.unifran.br/,unifran,Brazil,350,3925,9649,10969,1733,3339,72,41,1,34,0,26
Universidad Autónoma Latinoamericana,http://www.unaula.edu.co/,unaula,Colombia,845,9751,7789,11778,6761,5778,69,69,17,119,0,3
Escuela Agrícola Panamericana Zamorano,http://www.zamorano.edu/,zamorano,Honduras,429,4586,3311,8902,3270,4673,62,101,52,63,169,11
School of Business and Computer Science,http://www.sbcs.edu.tt/,sbcs,Trinidad and Tobago,1355,15028,8321,15437,8635,5778,57,169,5,82,56,61
Faculdade Santo Antônio de Pádua FASAP,http://www.fasap.com.br/,fasap,Brazil,2990,23131,16937,23811,8635,5778,55,24,1,35,28,17
Universidad Nacional de Santiago del Estero,http://www.unse.edu.ar/,unse,Argentina,415,4451,2956,7500,7031,4142,54,65,73,105,4,62
Universidad Salesiana,http://www.universidadsalesiana.edu.mx/,universidadsalesiana,Mexico,2382,20632,23665,19280,8635,5778,54,18,10,48,13,27
Tecnológico Universitario de México,http://tum.edu.mx/,tum,Mexico,3228,24112,22235,24176,8635,5778,52,43,47,40,12,60
Fundação Armando Alvares Penteado FAAP,http://www.faap.br/,faap,Brazil,430,4607,8565,4605,6291,4916,52,54,31,106,37,37
Universidade Católica de Santos UNISANTOS,http://www.unisantos.br/,unisantos,Brazil,421,4544,5943,8384,3814,4482,51,48,6,42,3,17
Faculdade Presbiteriana Augusto Galvão,http://www.augustogalvao.edu.br/,augustogalvao,Brazil,3210,24034,19511,24440,8635,5778,51,32,0,14,6,18
Faculdade NOVAFAPI,http://www.uninovafapi.edu.br/,uninovafapi,Brazil,818,9379,6107,11599,6775,5778,48,58,7,62,26,14
Faculdades Integradas Regionais de Avaré FREA,http://www.fira.edu.br/,fira,Brazil,2575,21432,16061,22055,8635,5778,48,66,4,47,10,2
Universidad Santo Tomás Bogotá,http://www.usta.edu.co/,usta,Colombia,450,4775,3474,5847,8635,4032,47,228,39,53,5,83
Universidad Técnica de Ambato,http://www.uta.edu.ec/,uta,Ecuador,479,5024,575,8414,6555,4916,47,49,35,101,73,2
Faculdade Legale,http://www.falegale.edu.br/,falegale,Brazil,3363,24695,22146,24802,8635,5778,47,43,11,17,16,58
Universidade Federal dos Vales do Jequitinhonha e Mucuri UFVJM,http://www.ufvjm.edu.br/,ufvjm,Brazil,189,2727,2242,5999,2079,2805,46,52,22,56,7,0
Faculdade de Mococa FAFEM,http://www.fafem.com.br/,fafem,Brazil,2540,21297,15826,21934,8635,5778,46,25,20,64,8,11
Universidade Regional do Cariri URCA,http://www.urca.br/,urca,Brazil,346,3899,6456,9585,3433,3459,46,17,11,31,0,91
Conservatorio de Musica de Puerto Rico,http://cmpr.edu/,cmpr,Puerto Rico,863,10006,13237,7297,8635,5778,45,20,9,43,7,73
Instituto Tecnológico de Aguascalientes,http://www.ita.mx/,ita,Mexico,327,3783,10405,4422,7851,3381,44,74,16,10,5,4
Universidad Academia de Humanismo Cristiano,http://www.academia.cl/,academia,Chile,733,8110,3367,9118,8635,5228,44,53,13,66,52,30
Universidad Católica del Uruguay,https://ucu.edu.uy/es,ucu,Uruguay,213,2955,2373,2452,3801,4142,44,35,10,51,0,47
Faculdade Aldete Maria Alves FAC-FAMA,http://www.facfama.edu.br/,facfama,Brazil,2460,20976,16629,21843,8514,5778,43,3,6,6,2,12
Universidad Nacional Agraria La Molina,http://www.lamolina.edu.pe/,lamolina,Peru,191,2745,2584,4488,2776,3097,42,112,22,21,0,5
Universidad de Desarrollo Sustentable Paraguay,http://www.uds.edu.py/,uds,Paraguay,2779,22366,23643,21552,8635,5778,42,17,1,39,2,54
Fundación Universitaria Católica del Norte,http://www.ucn.edu.co/,ucn,Colombia,725,7988,5387,9657,6786,5778,41,58,40,87,11,129
Universidad Yacambú,http://www.uny.edu.ve/,uny,Venezuela,1421,15596,13243,15174,8635,5778,41,9,15,20,6,34
DeVry Brasil,http://www.devrybrasil.edu.br/,devrybrasil,Brazil,885,10306,7864,8831,8635,5778,40,18,34,74,81,46
Universidad Tecmilenio,http://tecmilenio.mx/,tecmilenio,Mexico,981,11455,18088,10576,8635,5228,40,36,13,58,23,56
Universidad de la Veracruz UNIVER Colima,http://www.univercolima.edu.mx/,univercolima,Mexico,2841,22594,18499,22944,8635,5778,39,74,48,62,24,101
Universidad Peruana Unión,http://www.upeu.edu.pe/,upeu,Peru,630,6754,4436,9829,6795,5228,39,59,42,108,24,37
Fundación Universitaria Monserrate,http://www.unimonserrate.edu.co/,unimonserrate,Colombia,1882,18371,12830,18930,8635,5778,39,47,40,35,0,0
Universidad Centroamericana,http://www.uca.edu.ni/,uca,Nicaragua,509,5302,2640,4640,8635,4916,39,16,25,34,6,72
Faculdade Venda Nova do Imigrante FAVENI,http://faveni.edu.br/,faveni,Brazil,2619,21620,15534,22396,8635,5778,39,72,13,68,17,33
Instituto Miguel Ángel,http://www.ima.edu.mx/,ima,Mexico,2326,20376,9878,21934,8635,5778,38,40,50,16,4,5
Fundação Educacional de Além Paraíba FEAP,http://www.feap.edu.br/,feap,Brazil,3240,24166,20809,24440,8635,5778,38,19,9,75,5,62
Instituto Tecnológico de Monclova,http://www.itsmva.edu.mx/,itsmva,Mexico,2513,21179,8362,23057,8635,5778,38,16,9,36,14,8
Escola de Direito de São Paulo,http://direitosp.fgv.br/,direitosp,Brazil,996,11573,9426,10321,8635,5778,37,45,41,74,0,18
Universidad Peruana los Andes,http://upla.edu.pe/,upla,Peru,962,11277,3437,11243,8635,5778,37,67,38,44,13,11
Universidad Tecnológica Tula Tepeji,http://www.uttt.edu.mx/,uttt,Mexico,1477,15965,7118,16982,8635,5778,37,48,26,8,0,1
Faculdade Paulista de Pesquisa e Ensino Superior FAPPES,http://fappes.edu.br/,fappes,Brazil,1977,18826,16204,18818,8635,5778,37,20,18,72,4,26
Faculdade Nossa Cidade FNC,http://www.faculdadefnc.com.br/,faculdadefnc,Brazil,2538,21289,21339,20828,8635,5778,37,19,0,42,0,22
Universidad Nacional Amazónica de Madre de Dios,http://www.unamad.edu.pe/,unamad,Peru,1056,12230,1662,18758,8635,4482,36,117,104,50,8,30
Faculdade Metropolitana da Grande Recife,http://www.metropolitana.edu.br/,metropolitana,Brazil,1751,17629,10004,18510,8635,5778,36,9,35,61,15,10
Universidad Nacional de Itapúa,http://uni.edu.py/,uni,Paraguay,636,6809,3696,6480,8635,5228,36,101,21,59,24,67
Instituto Tecnológico de Minatitlán,http://www.itmina.edu.mx/,itmina,Mexico,1259,14286,4458,15250,8635,5778,35,97,5,44,0,18
Instituto de Especialización para Ejecutivos,http://www.iee.edu.mx/,iee,Mexico,3294,24398,25981,22593,8635,5778,33,57,30,52,27,16
Faculdade do Sudeste Goiano FASUG,http://www.fasug.edu.br/,fasug,Brazil,3063,23459,18819,23933,8635,5778,33,9,15,39,35,7
Faculdade de Odontologia do Recife,http://www.for.edu.br/,for,Brazil,2133,19511,19073,18990,8635,5778,33,23,9,34,4,44
Pontificia Universidade Catolica de Goiás PUC Goiás,http://sites.pucgoias.edu.br/,pucgoias,Brazil,167,2508,1231,1602,3827,3860,33,11,5,41,10,19
Universidad Andina Simón Bolívar Ecuador,http://www.uasb.edu.ec/,uasb,Ecuador,458,4804,2212,6102,5527,5228,33,21,4,19,17,6
Faculdade Evangélica do Meio Norte FAEME,http://www.faeme.edu.br/,faeme,Brazil,3277,24346,24705,23933,8635,5778,33,15,1,40,9,23
Universidad EAN Escuela de Administración de Negocios,http://ean.edu.co/,ean,Colombia,585,6207,2986,7369,5971,5778,32,60,34,34,102,82
Universidad Autónoma Juan Misael Saracho,http://www.uajms.edu.bo/,uajms,Bolivia ,977,11405,2429,11750,8635,5778,32,20,19,50,0,13
Universidad Metropolitana de Monterrey,http://www.umm.edu.mx/,umm,Mexico,1258,14281,1145,16565,8635,5778,32,14,17,29,11,60
UNIESP Faculdade Centro Paulista FACEP,http://www.facep.edu.br/,facep,Brazil,3191,23978,21987,24055,8635,5778,32,31,0,56,32,12
Faculdade Sul Brasil,http://fasul.edu.br/,fasul,Brazil,1442,15706,6768,17848,8336,5778,32,28,0,10,28,7
Instituto Tecnológico Superior de Zacatecas Norte,http://www.itszn.edu.mx/,itszn,Mexico,3177,23922,24138,23564,8635,5778,31,108,45,38,33,13
Faculdade Lourenço Filho FLF,http://www.flf.edu.br/,flf,Brazil,2341,20469,20551,19920,8635,5778,31,100,32,65,10,49
Senac Minas Gerais,http://www.mg.senac.br/,mg,Brazil,1060,12269,12481,10608,8635,5778,31,8,22,16,13,14
Universidade FUMEC,http://www.fumec.br/,fumec,Brazil,321,3745,4385,5435,3118,4330,31,13,6,103,0,66
UNIESP Faculdade de Ciências Contábeis e Administrativas de Avaré FACCAA,http://www.faculdadefaccaa.edu.br/,faculdadefaccaa,Brazil,3600,25769,22401,25849,8635,5778,31,31,0,56,32,12
Universidad Itaca,http://i.edu.mx/,i,Mexico,1869,18308,12125,18990,8635,5778,30,42,61,70,2,43
Universidad Americana de Morelos,http://uam.edu.mx/,uam,Mexico,2614,21607,16611,22167,8635,5778,30,12,39,23,9,16
Faculdade Vale do Salgado FVS,http://www.fvs.edu.br/,fvs,Brazil,2166,19686,7575,21552,8635,5778,30,60,27,66,2,72
Universidad Tecnológica de Tecamachalco,http://www.uttecam.edu.mx/,uttecam,Mexico,1755,17674,10035,18568,8635,5778,30,22,22,17,1,37
Universidad Dorados,http://www.universidaddorados.edu.mx/,universidaddorados,Mexico,2971,23059,24116,22396,8635,5778,30,20,6,32,13,16
Universidad de Montevideo,http://www.um.edu.uy/,um,Uruguay,349,3921,2746,7377,4132,4142,30,19,0,71,7,79
Universidad Motolinia del Pedregal,http://www.ump.mx/,ump,Mexico,2027,19052,21393,17848,8635,5778,29,29,13,51,26,48
Escuela Colombiana de Ingeniería Julio Garavito,http://www.escuelaing.edu.co/,escuelaing,Colombia,456,4792,4206,9069,5617,4330,29,39,4,17,0,27
Instituto Técnico de Administración de Empresas,http://www.itae.edu.pe/,itae,Peru,3467,25140,24924,24932,8635,5778,29,1,3,18,7,10
Instituto Superior de Estudios Eclesiásticos,http://www.isee.edu.mx/,isee,Mexico,2805,22450,20610,22396,8635,5778,29,21,1,16,3,109
Instituto Superior de Educación Rural,http://www.iser.edu.co/,iser,Colombia,1851,18208,13361,18634,8635,5778,28,40,39,44,0,4
Centro Universitário Newton Paiva,http://www.newtonpaiva.br/,newtonpaiva,Brazil,749,8423,10907,10363,8635,4673,28,25,34,43,7,38
Fundação Educacional Montes Claros,http://www.femc.edu.br/,femc,Brazil,1911,18512,10558,19655,8635,5778,28,16,1,31,0,17
Faculdade de Dança Angel Vianna,http://www.escolaangelvianna.com.br/,escolaangelvianna,Brazil,2199,19871,19823,19356,8635,5778,28,7,1,12,7,9
Fundación John Langdon Down,http://www.fjldown.org/,fjldown,Mexico,2346,20499,24285,18818,8635,5778,28,32,0,40,8,43
Universidad Tecnológica Metropolitana,http://www.utem.cl/,utem,Chile,448,4749,6925,6369,6935,4482,27,16,34,95,57,76
Faculdades Integradas de Santa Fé do Sul FUNEC,http://www.funecsantafe.edu.br/,funecsantafe,Brazil,1618,16958,9341,17787,8635,5778,27,30,24,28,0,36
Escuela de Posgrados de La Fuerza Aérea Colombiana,https://www.epfac.edu.co/,epfac,Colombia,2807,22474,8432,24301,8635,5778,27,83,20,21,9,24
Faculdade Baiana de Direito,http://www.faculdadebaianadedireito.com.br/,faculdadebaianadedireito,Brazil,2176,19748,18772,19437,8635,5778,27,23,20,42,11,3
Instituto Universitario IDEA,http://www.ideared.org/,ideared,Argentina,851,9880,14807,6752,8635,5778,27,48,11,133,28,76
Universidad de la Vera-Cruz,http://uvc.edu.mx/,uvc,Mexico,2782,22386,17631,22825,8635,5778,26,14,14,44,10,7
Senai São Paulo,http://www.sp.senai.br/,sp,Brazil,574,6126,5969,6198,6180,5778,26,89,6,75,16,106
Faculdade Salesiana de Santa Teresa FSST,http://www.fsst.com.br/,fsst,Brazil,3430,24953,15404,25516,8635,5778,26,29,6,26,0,48
Universidad Nacional del Oriente,http://www.uno.edu.bo/,uno,Bolivia ,2316,20337,24486,18510,8635,5778,26,37,1,43,83,17
União das Faculdades dos Grandes Lagos,http://www.unilago.edu.br/,unilago,Brazil,1850,18204,15853,18046,8635,5778,26,28,0,28,64,37
Universidad Antonio Nariño,http://www.uan.edu.co/,uan,Colombia,115,2029,2234,8245,337,1436,25,218,37,84,4,47
Universidad Tecnológica del Centro de Veracruz,http://www.utcv.edu.mx/,utcv,Mexico,1651,17140,6180,18687,8635,5778,25,140,30,139,10,3
Universidad del Valle de Tlaxcala,http://univalletlax.edu.mx/,univalletlax,Mexico,2248,20091,13916,20909,8635,5778,25,16,26,26,18,33
Universidad La Salle de La Paz,http://www.ulasalle.edu.bo/,ulasalle,Bolivia ,2317,20337,12357,21461,8635,5778,25,55,22,92,16,40
Faculdade Presbiteriana Gammon FAGAMMON,http://www.fagammon.edu.br/,fagammon,Brazil,2583,21466,20796,21179,8635,5778,25,25,16,22,10,18
Faculdade de Medicina de Campos,http://www.fmc.br/,fmc,Brazil,1740,17560,15649,17176,8635,5778,25,45,15,40,16,23
Faculdade de Desenvolvimento e Integração Regional FADIRE,http://www.fadire.edu.br/,fadire,Brazil,2670,21883,22132,21345,8635,5778,25,18,9,54,22,43
Faculdade Central de Cristalina FACEC,http://www.facec.edu.br/,facec,Brazil,2436,20891,22094,20069,8635,5778,25,19,5,38,7,47
Universidad Hispana,http://www.uhispana.edu.mx/,uhispana,Mexico,3622,25887,25362,25720,8635,5778,25,11,1,24,2,9
Faculdade SOGIPA de Educação Física,http://www.faculdadesogipa.edu.br/,faculdadesogipa,Brazil,2691,21965,12844,23172,8635,5778,24,175,63,19,12,43
Instituto Suizo de Gastronomía y Hotelería,http://www.isu.edu.mx/,isu,Mexico,2430,20844,22950,19775,8635,5778,24,25,18,39,21,15
Universidad Nacional del Comahue,http://www.uncoma.edu.ar/,uncoma,Argentina,122,2086,1673,4868,2253,1873,24,29,16,30,1,100
Universidad Técnica de Cotopaxi,http://www.utc.edu.ec/,utc,Ecuador,1014,11807,2684,14369,7896,5778,24,34,14,54,0,50
Universidad del Zulia,http://www.luz.edu.ve/,luz,Venezuela,182,2661,1824,5686,2308,2727,24,30,13,29,6,3
Fundaçao de Desenvolvimiento Gerencial FDG,http://www.fdg.org.br/,fdg,Brazil,2311,20308,15116,20909,8635,5778,24,15,13,18,5,14
Faculdade Talentos Humanos FACTHUS,http://www.facthus.edu.br/,facthus,Brazil,2601,21542,18435,21745,8635,5778,24,71,0,31,2,19
Centro de Enseñanza Técnica y Superior CETYS,http://www.cetys.mx/,cetys,Mexico,598,6350,3782,6638,6793,5778,23,65,526,126,582,129
Universidad Tecnológica General Mariano Escobedo,http://www.ute.edu.mx/,ute,Mexico,2281,20196,16147,20575,8635,5778,23,312,38,44,3,15
Universidade Católica de Pernambuco,http://www.unicap.br/,unicap,Brazil,320,3737,3873,6615,4719,3795,23,40,35,49,19,12
Universidad Católica del Táchira,http://www.ucat.edu.ve/,ucat,Venezuela,1279,14443,20436,14259,8635,5228,23,12,27,24,1,0
Centro de Ensino Superior e Desenvolvimento CESED,http://www.cesed.br/,cesed,Brazil,1106,12832,9128,12103,8635,5778,23,15,17,43,10,4
Universidad Cup Xilotzingo,http://www.unicup.edu.mx/,unicup,Mexico,3299,24418,24614,24055,8635,5778,23,22,16,22,15,9
Faculdade do Bico do Papagaio FABIC,http://www.fabic.edu.br/,fabic,Brazil,3212,24034,18349,24541,8635,5778,23,14,4,17,0,35
Instituto Universitario de Tecnología para la informática,http://www.iutepi.edu/,iutepi,Venezuela,2570,21411,24320,20069,8635,5778,23,9,0,20,4,5
Faculdades Adventistas da Bahia FADBA,http://www.adventista.edu.br/,adventista,Brazil,1356,15028,11902,14669,8635,5778,22,113,28,78,42,22
Universidad Nacional Federico Villarreal,http://www.unfv.edu.pe/,unfv,Peru,561,5927,4135,9492,4994,5228,22,12,24,61,27,35
Instituto Internacional de Estudios Superiores Tamaulipas,http://www.iies.edu.mx/,iies,Mexico,2842,22594,21577,22396,8635,5778,22,27,18,33,10,55
Faculdade de Realeza,http://www.cesreal.br/,cesreal,Brazil,3422,24918,25981,23564,8635,5778,22,5,9,23,24,22
Universidad de la República Licenciatura en Ciencias de la Comunicación,http://www.comunicacion.edu.uy/,comunicacion,Uruguay,1125,13013,10004,12148,8635,5778,22,60,5,79,0,67
Caribbean School of Medicine,http://www.xusom.com/,xusom,Aruba,1736,17552,19274,16346,8635,5778,22,14,4,33,8,31
Universidad Nacional del Sur,http://www.uns.edu.ar/,uns,Argentina,96,1856,1330,4333,1845,1672,21,12,25,19,3,40
Universidad Libre de Costa Rica,http://www.ulicori.ac.cr/,ulicori,Costa Rica,2083,19328,23002,17733,8635,5778,21,3,11,14,20,17
Instituto Tecnológico de Salina Cruz,http://www.itsalinacruz.edu.mx/,itsalinacruz,Mexico,3049,23351,21193,23426,8635,5778,21,24,10,35,4,32
Centro Universitario Internacional,http://cuin.edu.mx/,cuin,Mexico,3097,23649,19511,24055,8635,5778,21,22,10,38,49,46
Universidad Católica de Trujillo Benedicto XVI,http://www.uct.edu.pe/,uct,Peru,2335,20410,18459,20315,8635,5778,21,32,9,34,7,59
Instituto Kenedy,http://www.institutokenedy.com.br/,institutokenedy,Brazil,3646,26030,24086,26034,8635,5778,21,44,8,49,16,112
Centro Nacional de Sanidad Agropecuaria,http://www.censa.edu.cu/,censa,Cuba,764,8612,14667,16755,4620,4330,21,13,8,17,5,36
Universidad Tecnológica de Tabasco,http://www.uttab.edu.mx/,uttab,Mexico,1281,14454,8126,17042,8635,5228,20,56,59,40,5,6
Faculdade de Itápolis FACITA,http://www.facita.edu.br/,facita,Brazil,2705,22060,16325,22723,8635,5778,20,5,22,11,4,11
Universidad San Ignacio de Loyola,http://www.usil.edu.pe/,usil,Peru,472,4965,6393,6206,4675,5228,20,47,13,106,7,28
Faculdade de Educação de Colorado do Oeste,http://www.faec.br/,faec,Brazil,3128,23763,24904,23057,8635,5778,20,2,13,22,4,21
Corporación Universitaria de Sabaneta J Emilio Valderrama UNISABANETA,http://www.unisabaneta.edu.co/,unisabaneta,Colombia,1468,15896,5987,18687,8147,5778,20,10,10,44,56,84
Universidad Internacional Tres Fronteras,http://www.uninter.edu.py/,uninter,Paraguay,2280,20188,25019,17986,8635,5778,20,9,6,42,44,11
Instituto Gastronómico UG,http://www.ug.edu.uy/,ug,Brazil,3176,23913,24506,23426,8635,5778,20,7,5,24,0,5
Faculdade de Direito de São Bernardo do Campo,http://www.direitosbc.br/,direitosbc,Brazil,1528,16380,15404,15718,8635,5778,20,27,0,96,47,16
Escuela Normal Graciela Pintado de Madrazo,http://www.enee.edu.mx/,enee,Mexico,3619,25876,25981,25407,8635,5778,20,21,0,12,1,7
Universidad Tecnológica de Chihuahua,http://www.utch.edu.mx/,utch,Mexico,1721,17505,6386,19054,8635,5778,19,33,41,34,60,34
Faculdade de Tecnología Herrero,http://www.herrero.com.br/,herrero,Brazil,2838,22573,20296,22593,8635,5778,19,16,39,11,4,41
Universidad Metropolitana de Ciencias de la Educacion,http://www.umce.cl/,umce,Chile,425,4563,4807,8471,6115,4142,19,69,36,47,4,30
Instituto Profesional de Chile,http://www.ipchile.cl/,ipchile,Chile,1351,14994,4883,16132,8635,5778,19,44,36,22,1,19
Universidade da Paz Campus Brasília UNIPAZ,http://www.unipazdf.org.br/,unipazdf,Brazil,3087,23611,24411,23057,8635,5778,19,31,15,40,8,54
Instituto Tecnológico de Chihuahua II,http://www.itchihuahuaii.edu.mx/,itchihuahuaii,Mexico,1835,18120,18214,17379,8635,5778,19,23,14,7,5,42
Instituto de Ciências Sociais e Humanas INCISOH,http://www.incisoh.com.br/,incisoh,Brazil,902,10566,12388,8245,8635,5778,18,23,18,36,23,21
Instituto Multidisciplinario de Especialización de Oaxaca,http://www.ime.edu.mx/,ime,Mexico,3274,24327,24260,24055,8635,5778,18,12,13,45,6,20
Universidad Obrera de México,http://www.uom.mx/,uom,Mexico,1513,16245,13583,15982,8635,5778,18,28,11,28,7,30
Faculdade Municipal Professor Franco Montoro,http://fmpfm.edu.br/,fmpfm,Brazil,2378,20628,20108,20225,8635,5778,18,2,1,18,11,0
Universidad Autónoma del Estado de México,http://www.uaemex.mx/,uaemex,Mexico,58,1405,1126,1447,1857,1992,17,365,83,70,14,24
Universidad Simón Bolívar Colombia,http://www.unisimon.edu.co/,unisimon,Colombia,676,7286,9341,15174,4302,4482,17,45,78,46,41,80
Universidad del Valle del Fuerte,http://www.univafu.edu.mx/,univafu,Mexico,2324,20363,21757,19492,8635,5778,17,19,38,40,7,60
Centro de Estudios Superiores Hernán Cortés,http://www.uhc.com.mx/,uhc,Mexico,3621,25883,25289,25818,8635,5778,17,4,28,24,3,19
Faculdade Cantareira,http://www.cantareira.br/,cantareira,Brazil,1338,14863,12761,14234,8635,5778,17,10,21,49,9,13
Corporación Universitaria de Colombia IDEAS,http://ideas.edu.co/,ideas,Colombia,2437,20891,20069,20575,8635,5778,17,54,14,51,16,45
Instituto Padre Machado,http://padremachado.edu.br/,padremachado,Brazil,2094,19363,14107,19920,8635,5778,17,36,5,27,37,26
Universidad ISAE Panamá,http://www.isaeuniversidad.ac.pa/,isaeuniversidad,Panama,2387,20643,19097,20491,8635,5778,16,22,55,45,37,61
Universidad Incca de Colombia,http://www.unincca.edu.co/,unincca,Colombia,1135,13075,13180,11521,8635,5778,16,40,30,34,0,33
Faculdade do Seridó,http://www.faculdadedoserido.com.br/,faculdadedoserido,Brazil,3007,23200,20074,23426,8635,5778,16,59,27,44,16,39
Universidad Politecnica de la Region Riberena,http://www.uprr.edu.mx/,uprr,Mexico,2956,23015,15175,23933,8635,5778,16,100,13,43,0,26
Universidad de Zamora,http://www.universidaddezamora.edu.mx/,universidaddezamora,Mexico,2997,23150,18447,23672,8635,5778,16,46,13,54,25,105
Colegio de Negocios Internacionales,http://cni.edu.mx/,cni,Mexico,3537,25424,24904,25297,8635,5778,16,10,13,11,9,8
Faculdade Lions,http://faclions.com.br/,faclions,Brazil,3066,23474,20671,23678,8635,5778,16,10,2,54,19,15
Universidad Autónoma de la Ciudad de México,http://www.uacm.edu.mx/,uacm,Mexico,365,4033,6999,9372,4125,3566,15,73,58,142,11,11
Faculdade de Tecnologia Apoena FTA,http://www.faculdadeapoena.com.br/,faculdadeapoena,Brazil,2712,22070,11902,23419,8635,5778,15,15,54,61,57,113
Instituto de Ciencia y Cultura,http://www.iccac.edu.mx/,iccac,Mexico,3507,25297,25177,25041,8635,5778,15,11,39,21,16,17
Universidad Maya,http://www.universidadmaya.edu.mx/,universidadmaya,Mexico,3501,25270,20408,25516,8635,5778,15,34,30,67,14,55
Universidad APEC,http://unapec.edu.do/,unapec,Dominica,985,11485,12070,9623,8635,5778,15,30,26,131,0,19
Centro Universitário Fieo UNIFIEO,http://www.unifieo.br/,unifieo,Brazil,674,7281,14222,12959,3400,4916,15,2,11,19,4,3
Institución Universitaria Colombo Americana,http://www.unica.edu.co/,unica,Colombia,2534,21266,20436,21013,8635,5778,15,30,3,29,3,5
Faculdade Santa Rita Novo Horizonte,http://fasar.edu.br/,fasar,Brazil,2811,22484,4961,24541,8635,5778,15,36,0,26,1,10
Panamericana Escola de Arte e Design PANAMERICANA,http://www.escola-panamericana.com.br/,escola-panamericana,Brazil,1199,13664,16325,11687,8635,5778,14,37,222,83,215,50
Instituto Evolução,http://www.institutoevolucao.edu.br/,institutoevolucao,Brazil,3527,25365,23382,25407,8635,5778,14,19,21,56,4,25
Faculdade e Escola Técnica LS,http://www.ls.edu.br/,ls,Brazil,2264,20128,20003,21745,8635,5228,14,25,16,57,26,7
Escuela de Gestión Europea,http://www.egeu.cl/,egeu,Chile,2165,19686,14851,22825,7178,5778,14,6,7,38,10,49
Faculdade Paulista de Artes FPA,http://fpa.art.br/,fpa,Brazil,1873,18316,16255,18094,8635,5778,14,30,6,43,4,56
Escuela Normal Superior de Chiapas,http://www.ensch.edu.mx/,ensch,Mexico,3416,24906,16805,25407,8635,5778,14,12,6,11,22,25
Université Notre Dame d'Haïti Faculté de Médecine et des Sciences de la Santé,http://www.undh-fmss.org/,undh-fmss,Haití,3298,24411,25899,22825,8635,5778,13,34,35,81,41,8
Instituto Federal de Educação Ciência e Tecnologia de Roraima,http://www.ifrr.edu.br/,ifrr,Brazil,936,10880,3975,14525,6495,5778,13,32,26,65,9,37
Instituto Adventista Paranaense IAP,http://www.iap.org.br/,iap,Brazil,823,9431,6999,7888,8635,5778,13,5,25,20,4,8
Instituto Tecnológico de Iguala,http://www.itiguala.edu.mx/,itiguala,Mexico,2563,21379,16860,21843,8635,5778,13,77,24,36,13,12
Instituto Científico Técnico y Educativo,http://www.universidadicte.edu.mx/,universidadicte,Mexico,3327,24538,25313,23933,8635,5778,13,41,13,12,12,10
Faculdade de Tecnologia de Garça FATEC,http://www.fatecgarca.edu.br/,fatecgarca,Brazil,2549,21309,18504,21461,8635,5778,13,5,7,34,44,32
Faculdades ICESP PROMOVE de Brasilia,http://faculdadepromove.br/,faculdadepromove,Brazil,1532,16432,12924,16346,8635,5778,13,3,5,11,3,1
Faculdade de Campina Grande do Sul FASUL,http://facsul.edu.br/,facsul,Brazil,2923,22892,21317,22825,8635,5778,13,4,2,15,9,19
Universidad Libre Cali,http://www.unilibrecali.edu.co/,unilibrecali,Colombia,605,6428,6560,5450,7463,5778,12,36,98,94,24,19
Universidad Privada Franz Tamayo,http://www.unifranz.edu.bo/,unifranz,Bolivia ,1365,15090,6326,15940,8635,5778,12,21,89,70,88,22
Universidad Fidélitas,http://ufidelitas.ac.cr/,ufidelitas,Costa Rica,1531,16432,17257,15339,8635,5778,12,30,36,34,154,21
Faculdade Maringá,http://www.faculdadesmaringa.br/,faculdadesmaringa,Brazil,1872,18316,14746,18456,8635,5778,12,12,21,24,0,49
Faculdades Adventistas de Minas Gerais FADMINAS,http://www.fadminas.org.br/,fadminas,Brazil,2088,19339,15301,19655,8635,5778,12,52,17,59,16,15
Faculdades de Taquara FACCAT,http://www.faccat.br/,faccat,Brazil,543,5686,3924,5459,6334,5778,12,10,17,38,14,0
Universidad del Caribe Panamá,http://ucaribe.edu.pa/,ucaribe,Panama,3249,24192,22001,24316,8635,5778,12,39,16,41,5,58
Faculdade de Nova Serrana FANS,http://www.fans.edu.br/,fans,Brazil,3173,23901,20551,24176,8635,5778,12,13,8,40,7,24
Universidad de Integracion de las Américas,http://www.unida.edu.py/,unida,Paraguay,1705,17439,16255,16887,8635,5778,12,16,3,50,9,23
Centro Universitario Interamericano Sistema CEUNI,http://www.sistemaceuni.mx/,sistemaceuni,Mexico,3383,24782,20462,25041,8635,5778,12,10,2,29,10,10
Instituto Tecnológico de Chilpancingo,http://www.itchilpancingo.edu.mx/,itchilpancingo,Mexico,2809,22480,21863,22167,8635,5778,11,118,44,43,11,26
Universidad del Quindío,http://www.uniquindio.edu.co/,uniquindio,Colombia,308,3655,1657,9524,3691,3381,11,202,43,80,22,32
Faculdade de Ciências Económicas Administrativas e Contabeis de Divinopolis FACED,http://www.faced.br/,faced,Brazil,1980,18840,13936,19356,8635,5778,11,186,38,51,17,90
Northern Caribbean University,http://www.ncu.edu.jm/,ncu,Jamaica,794,9075,9023,10711,8635,4916,11,51,38,12,7,37
Faculdade de Tecnologia IAPEC,http://www.iapec.com.br/,iapec,Brazil,3202,24006,24065,23678,8635,5778,11,60,29,13,9,48
Faculdades Integradas de Mineiros UNIFIMES,http://www.fimes.edu.br/,fimes,Brazil,1414,15532,12390,15285,8635,5778,11,54,16,10,14,58
Universidade Estadual de Santa Cruz UESC,http://www.uesc.br/,uesc,Brazil,180,2640,3481,6165,2215,2461,11,42,12,12,0,64
União Latino Americana de Tecnología ULT,http://ult.com.br/,ult,Brazil,2710,22070,19429,22167,8635,5778,11,5,0,22,5,11
Universidad de Sucre,http://www.unisucre.edu.co/,unisucre,Colombia,587,6238,5046,10209,4816,5228,10,100,44,73,6,96
Universidade Federal de Lavras UFLA,http://www.ufla.br/,ufla,Brazil,76,1534,1038,3348,1183,1553,10,61,13,65,2,39
Universidad del Norte Paraguay,http://www.uninorte.edu.py/,uninorte,Paraguay,1186,13537,7831,13357,8635,5778,10,11,10,35,9,15
CESV Centro de Ensino Superior de Vitória,http://cesv.br/,cesv,Brazil,2474,21032,19194,21010,8635,5778,10,6,5,40,4,39
Escola e Faculdade Luterana São Marcos,http://saomarcos.br/,saomarcos,Brazil,2030,19076,15126,19356,8635,5778,10,2,0,1,0,0
Faculdade Guairacá Guarapuava,http://guairaca.com.br/,guairaca,Brazil,2351,20526,10847,21934,8635,5778,10,1,0,6,17,6
Universidad del Valle Cali,http://www.univalle.edu.co/,univalle,Colombia,113,1990,987,2095,7401,1777,9,559,111,95,5,242
FAG Faculdade Guaraí,http://www.faculdadeguarai.com.br/,faculdadeguarai,Brazil,2528,21256,16654,21745,8635,5778,9,30,25,64,22,39
Faculdades Integradas de Ourinhos FIO,http://www.fio.edu.br/,fio,Brazil,1134,13068,15924,16395,7274,5228,9,43,22,72,19,64
Faculdade de Enfermagen Nova Esperança,http://www.facenemossoro.com.br/,facenemossoro,Brazil,2899,22811,16996,23426,8635,5778,9,32,17,70,22,72
Escola da Cidade Faculdade de Arquitetura e Urbanismo AEAUSP,http://www.escoladacidade.org/,escoladacidade,Brazil,1520,16311,13734,16059,8635,5778,9,3,16,34,5,16
Corporación Universitaria Minuto de Dios UNIMINUTO,http://www.uniminuto.edu/,uniminuto,Colombia,493,5131,1476,4708,6491,5778,9,10,13,47,171,5
Faculdade de Tecnología CETEP,http://www.cetepensino.com.br/,cetepensino,Brazil,1945,18687,10591,19853,8635,5778,9,10,12,22,3,38
Escola de Pos-Graduacao em Economia da Fundacao Getulio Vargas,http://www.epge.fgv.br/,epge,Brazil,743,8311,8789,11954,8635,4330,9,24,9,28,6,41
Instituto Nacional de Ciencias Agrícolas,http://www.inca.edu.cu/,inca,Cuba,1105,12825,11637,17672,3918,5778,9,1,5,11,4,6
CESDE,http://www.cesde.edu.co/,cesde,Colombia,1439,15697,7517,16565,8635,5778,9,7,1,38,17,15
Instituto Federal do Acre IFAC,http://portal.ifac.edu.br/,ifac,Brazil,809,9268,3159,11778,7145,5778,8,30,23,70,41,22
Universidad Ciencias de la informática,http://www.ucinf.cl/,ucinf,Chile,1204,13695,13562,12360,8635,5778,8,17,21,44,93,2
Escuela de Comunicación Mónica Herrera,http://monicaherrera.edu.sv/,monicaherrera,El Salvador,1587,16786,17662,15683,8635,5778,8,8,17,16,5,20
"Faculdade de Ciências, Educação e Teologia do Norte do Brasil",http://www.faceten.edu.br/,faceten,Brazil,3207,24028,21464,24176,8635,5778,8,25,16,36,10,61
Instituto Profesional de Ciencias y Artes INCA-CEA,http://incacea.cl/,incacea,Chile,2560,21365,24334,20008,8635,5778,8,3,14,15,6,12
Fundación Tecnólogica de Madrid,http://www.ftm.edu.co/,ftm,Colombia,3318,24492,20235,24802,8635,5778,8,12,9,9,11,20
Instituto Federal de Ciência e Tecnologia de Sergipe IFS,http://www.ifs.edu.br/,ifs,Brazil,799,9142,7349,11848,5877,5778,8,30,8,80,21,10
Faculdade de Ciências de Wenceslau Braz FACIBRA,http://facibra.edu.br/,facibra,Brazil,3315,24462,25843,23057,8635,5778,8,3,3,18,5,32
International University for Graduate Studies,http://iugrad.edu.dm/,iugrad,Dominica,2269,20145,22117,19115,8635,5778,8,43,2,20,74,2
Faculdades do Vale do Juruena AJES,http://www.ajes.edu.br/,ajes,Brazil,1701,17408,12543,17672,8635,5778,8,2,0,2,0,0
Universidad Surcolombiana,http://www.usco.edu.co/,usco,Colombia,453,4786,3009,12007,5325,3795,7,746,73,163,53,127
Universidade Federal do Piauí UFPI,http://www.ufpi.br/,ufpi,Brazil,138,2235,1538,4979,2050,2200,7,123,43,57,37,23
Instituto de Ciências Humanas e da Informação ICHI,http://www.ichi.furg.br/,ichi,Brazil,3172,23896,15938,24666,8635,5778,7,15,14,13,7,58
Faculdades Sudamérica,http://www.sudamerica.edu.br/,sudamerica,Brazil,1729,17536,7650,18883,8635,5778,7,30,10,35,10,31
Instituto Superior de Educação de Barretos ISEB,http://www.isebarretos.edu.br/,isebarretos,Brazil,3239,24166,22658,24176,8635,5778,7,28,8,9,0,11
Instituto Tecnológico de Nochistlán,http://itsn.edu.mx/,itsn,Mexico,2679,21913,9959,23564,8635,5778,7,5,8,24,2,35
Universidad Unidad,http://uunidad.edu.bo/,uunidad,Bolivia ,3526,25356,25381,25041,8635,5778,7,16,1,25,70,0
Politécnico de Punta del Este,http://www.politecnico.edu.uy/,politecnico,Uruguay,3331,24555,24382,24316,8635,5778,7,15,0,10,0,4
Faculdade Educacional de Colombo INESUL,http://www.faecpr.edu.br/,faecpr,Brazil,2305,20293,13156,21256,8635,5778,7,1,0,2,0,0
Centro Colombiano de Estudios Profesionales,http://www.cecep.edu.co/,cecep,Colombia,1865,18293,11405,19115,8635,5778,6,63,43,48,0,76
Universidad El Bosque,http://www.uelbosque.edu.co/,uelbosque,Colombia,449,4763,7575,10161,8635,2775,6,32,33,64,30,51
Universidad Autónoma de Asunción,http://www.uaa.edu.py/,uaa,Paraguay,616,6614,7456,3619,8635,5778,6,42,32,14,0,2
Faculdade de Teologia e Filosofia Siloé,http://www.fatesi.com.br/,fatesi,Brazil,3428,24939,24736,24666,8635,5778,6,72,31,18,50,49
Universidad de Córdoba Colombia,http://www.unicordoba.edu.co/,unicordoba,Colombia,277,3425,4224,5429,3139,3860,6,27,28,64,4,28
Universidad de las Américas Nicaragua,http://www.ulam.edu.ni/,ulam,Nicaragua,2654,21784,25019,20153,8635,5778,6,22,20,47,9,28
União de Escolas Superiores de Olinda FUNESO,http://funeso.com.br/,funeso,Brazil,2116,19421,17567,19205,8635,5778,6,44,16,51,0,64
Universidade Federal da Integração Latino-Americana,http://www.unila.edu.br/,unila,Brazil,356,3945,2412,8232,2775,4244,6,62,13,77,6,65
University of Health Sciences Antigua West Indies,http://www.uhsa.ag/,uhsa,Antigua Barbuda,1418,15561,19429,13622,8635,5778,6,6,8,32,18,10
Instituto Tecnológico de Costa Rica,http://www.tec.ac.cr/,tec,Costa Rica,215,2976,1641,3736,2098,4032,6,44,7,72,14,9
Instituto de Terapia Gestalt de Valencia,http://www.itgestalt.com/,itgestalt,Mexico,1673,17246,18965,16059,8635,5778,6,18,7,31,12,29
Instituto Politécnico Nacional,http://www.ipn.mx/,ipn,Mexico,32,830,644,1527,1217,815,5,52,69,92,4,21
Universidad de la República,http://fcea.edu.uy/,fcea,Uruguay,1622,16990,6624,18410,8635,5778,5,30,46,53,22,13
Faculdade Latino Americana de Ciências Sociais FLACSO,http://flacso.org.br/,flacso,Brazil,1103,12798,11515,11537,8635,5778,5,29,43,58,60,4
Universidad Autónoma Intercultural de Sinaloa,http://uais.edu.mx/,uais,Mexico,2066,19233,16562,19205,8635,5778,5,67,37,31,0,16
Faculdade de Tecnología de Praia Grande CEETEPS,http://www.fatecpg.com.br/,fatecpg,Brazil,2070,19233,12150,20153,8635,5778,5,39,37,80,5,0
Aden Business School Universidad Alta Dirección,http://www.aden.org/,aden,Panama,1405,15472,18819,13652,8635,5778,5,62,29,55,33,97
INCAE Business School,http://www.incae.edu/,incae,Costa Rica,348,3911,3684,5880,4243,4330,5,12,22,22,0,54
Universidad Agroforestal Fernando Arturo de Meriño,http://uafam.edu.do/,uafam,República Dominicana,2522,21233,23002,20315,8635,5778,5,24,19,34,6,30
Instituto Centro de Ensino Tecnologico,http://www.centec.org.br/,centec,Brazil,1434,15673,13785,15174,8635,5778,5,33,18,21,0,18
Instituto Mexicano de la Pareja,http://www.ametep.com.mx/,ametep,Mexico,2593,21497,21757,21013,8635,5778,5,14,18,77,9,60
Fundação Universitária de Itaperuna FUNITA,http://www.funita.edu.br/,funita,Brazil,3123,23738,25981,21461,8635,5778,5,15,11,15,6,1
Unidade de Ensino Superior de Feira de Santana UNEF,http://www.unef.edu.br/,unef,Brazil,1844,18161,15620,18046,8635,5778,5,2,11,4,4,1
Fundação Helena Antipoff FHA,http://www.fha.mg.gov.br/,fha,Brazil,2632,21686,15853,22396,8635,5778,5,13,9,13,3,5
Centro de Ensino Superior de Arcoverde,http://www.aesa-cesa.br/,aesa-cesa,Brazil,2218,19963,19367,19568,8635,5778,5,42,7,59,10,66
Colegio de Jalisco,http://coljal.edu.mx/,coljal,Mexico,1124,13013,7431,16887,6275,5778,5,39,5,37,0,27
Instituto Municipal de Ensino Superior de Catanduva IMES,http://www.fafica.br/,fafica,Brazil,2028,19071,16229,19054,8635,5778,5,5,0,29,0,37
Faculdade de Ensino Superior de Floriano FAESF,http://www.faesfpi.com.br/,faesfpi,Brazil,2402,20736,12098,21934,8635,5778,5,2,0,5,1,1
Centro de Desarrollo Humano y Psicoterapia Gestalt,http://gestaltoaxaca.com/,gestaltoaxaca,Mexico,3347,24613,23427,24541,8635,5778,4,30,72,5,67,5
UNIESSA,http://uniessa.com.br/,uniessa,Brazil,3270,24327,25981,22487,8635,5778,4,39,51,43,26,56
All Saints University,http://www.allsaintsuniversity.org/,allsaintsuniversity,Dominica,1750,17629,23939,17434,8635,5228,4,31,28,17,2,18
Universidad Escuela Libre de Derecho,http://www.uescuelalibre.ac.cr/,uescuelalibre,Costa Rica,2366,20595,17922,20663,8635,5778,4,7,11,34,4,26
Universidad Marista Campus Ciudad de México,http://uma.maristas.edu.mx/,uma,Mexico,1839,18133,17470,17561,8635,5778,4,4,4,12,6,17
Faculdade Anglicana de Tapejara FAT,http://www.fatrs.com.br/,fatrs,Brazil,3477,25180,19057,25516,8635,5778,4,1,3,0,0,0
Centro de Estudos Ambientais do Vale do Paraíba,http://www.ceavap.com.br/,ceavap,Brazil,3427,24930,25588,24176,8635,5778,4,7,2,8,5,7
Faculdade Social da Bahia,http://www.faculdadesocial.edu.br/,faculdadesocial,Brazil,1716,17473,14771,17285,8635,5778,4,10,1,3,5,3
CEI Punta del Este,http://www.cei.edu.uy/,cei,Uruguay,2890,22776,22172,22487,8635,5778,3,33,45,18,0,1
Universidad Estatal a Distancia Costa Rica,http://www.uned.ac.cr/,uned,Costa Rica,484,5053,2956,5729,6625,5228,3,39,37,22,19,18
Instituto Tecnológico de la Costa Chica,http://www.tscch.edu.mx/,tscch,Mexico,2873,22707,15508,23564,8635,5778,3,44,25,24,6,46
Fundación Tecnológica Rural Coredi FUNTEC,http://www.tecnologicocoredi.edu.co/,tecnologicocoredi,Colombia,3638,25983,22773,26034,8635,5778,3,22,25,26,18,39
Instituto de Ensino Superior Materdei IES,http://www.iesmaterdei.com.br/,iesmaterdei,Brazil,3107,23682,23889,23306,8635,5778,3,13,20,17,43,12
Faculdade dos Guararapes,http://www.faculdadeguararapes.edu.br/,faculdadeguararapes,Brazil,1182,13515,14929,14669,7463,5778,3,7,19,3,4,8
Faculdade Católica de Uberlândia,http://catolicaonline.com.br/,catolicaonline,Brazil,1608,16905,11562,17232,8635,5778,3,16,13,16,4,9
Universidad de Oriente Venezuela,http://www.udo.edu.ve/,udo,Venezuela,250,3212,2765,6358,3526,3304,3,12,12,33,0,45
Centro de Estudios Superiores Universitarios,http://www.cesu.com.mx/,cesu,Mexico,3468,25140,24924,24932,8635,5778,3,18,7,13,1,1
Faculdade de Guanambi,http://faculdadeguanambi.edu.br/,faculdadeguanambi,Brazil,1687,17331,1516,20315,8635,5778,3,31,4,31,16,16
Universidad Tecnológica de la Mixteca,http://www.utm.mx/,utm,Mexico,302,3613,5595,8471,4027,3184,2,25,66,25,0,8
Universidad de Guadalajara,http://www.udg.mx/,udg,Mexico,36,888,479,681,1555,1571,2,13,65,77,4,3
Universidad Pedagógica de El Salvador,http://www.pedagogica.edu.sv/,pedagogica,El Salvador,1266,14326,11248,13802,8635,5778,2,186,48,53,4,14
Universidade Estadual de Feira de Santana UEFS,http://www.uefs.br/,uefs,Brazil,108,1966,2986,3321,1461,2182,2,54,40,63,0,22
Faculdade de Tecnologia Rubens Lara Baixada Santista,http://www.fatecbs.edu.br/,fatecbs,Brazil,3159,23846,25981,21639,8635,5778,2,12,34,61,43,16
Universidad del Turabo,http://ut.suagm.edu/,ut,Puerto Rico,830,9515,12676,12853,8635,4330,2,8,12,27,5,29
Universidad Loyola de Bolivia,http://www.loyola.edu.bo/,loyola,Bolivia ,1407,15494,14867,14669,8635,5778,2,182,10,22,0,31
Escuela Normal de Tlalnepantla,http://www.escnormaltlalnepantla.edu.mx/,escnormaltlalnepantla,Mexico,3429,24953,23468,24932,8635,5778,2,23,9,18,0,9
Faculdade IDEAU,http://www.ideau.com.br/,ideau,Brazil,1578,16752,9694,17434,8635,5778,2,1,9,3,2,3
Faculdade São Miguel,http://www.faculdadesaomiguel.com.br/,faculdadesaomiguel,Brazil,2302,20284,19556,19920,8635,5778,2,1,6,2,1,7
Pontificia Universidade Católica de São Paulo PUC-SP,http://www.pucsp.br/,pucsp,Brazil,135,2216,767,2049,1083,3721,2,5,3,2,0,0
Faculdade do Litoral Sul Paulista FALS,http://www.fals.com.br/,fals,Brazil,2427,20824,18925,20758,8635,5778,2,4,2,13,0,13
Universidad de Matanzas Camilo Cienfuegos,http://www.umcc.cu/,umcc,Cuba,529,5549,9152,12890,6566,3617,2,2,2,4,0,2
Universidade Paranaense UNIPAR,http://www.unipar.br/,unipar,Brazil,325,3768,4385,7871,3314,3795,2,2,1,1,1,2
Universidad Nacional Experimental de Guayana,http://www.uneg.edu.ve/,uneg,Venezuela,563,5970,2107,12381,5376,4673,2,9,0,1,0,0
Instituto de Posgrados y Especialidades,http://www.ipes.com.mx/,ipes,Mexico,3560,25537,25981,24802,8635,5778,2,3,0,0,0,0
Centro Educacional do Alto São Francisco,http://www.ceasf.com.br/,ceasf,Brazil,3546,25467,25981,24666,8635,5778,2,1,0,0,0,0
Fundação Herminio Ometto FHO UNIARARAS,http://www.uniararas.br/,uniararas,Brazil,436,4650,5176,11011,3352,4142,2,1,0,2,0,3
Instituto Tecnológico de Tlalnepantla,http://www.ittla.edu.mx/,ittla,Mexico,1492,16074,9128,19205,7672,5778,1,111,29,7,15,14
Centro Universitario de Integración Humanística A.C.,http://cuih.edu.mx/,cuih,Mexico,2793,22409,14130,23426,8635,5778,1,4,20,11,0,15
Faculdade de Betim AAS,http://www.faculdadeaas.com.br/,faculdadeaas,Brazil,3484,25204,19479,25516,8635,5778,1,3,20,3,35,7
Universidad Rómulo Gallegos,http://www.unerg.edu.ve/,unerg,Venezuela,1303,14582,9560,14549,8635,5778,1,34,17,55,1,33
Faculdade Adelmar Rosado,http://www.portalfar.edu.br/,portalfar,Brazil,2980,23098,16720,23811,8635,5778,1,29,8,20,6,6
Instituto Superior e Centro Educacional Luterano Bom Jesus,http://www.ielusc.br/,ielusc,Brazil,1314,14638,10776,14343,8635,5778,1,1,4,0,0,0
Faculdade Entre Rios do Piauí FAERPI,http://www.faerpi.com/,faerpi,Brazil,3563,25547,25768,25041,8635,5778,1,3,0,2,0,0
Escuela Normal Superior del Estado de Coahuila,http://www.ense.sepc.edu.mx/,ense,Mexico,3559,25528,25539,25160,8635,5778,1,1,0,0,0,0
Faculdade de Castro INEC,http://www.facastro.edu.br/,facastro,Brazil,3425,24927,25362,24440,8635,5778,1,1,0,3,2,0
Instituto Nacional de Formación Técnica Profesional Humberto Velásquez García,http://www.infotephvg.edu.co/,infotephvg,Colombia,3142,23809,21583,23933,8635,5778,1,1,0,0,0,0
Faculdade Independente do Nordeste FAINOR,http://www.fainor.com.br/,fainor,Brazil,1404,15441,5951,16524,8635,5778,1,1,0,0,0,0
Queen's Royal College,http://www.qrc.edu/,qrc,Trinidad and Tobago,1191,13582,23304,9800,8635,5778,1,1,0,0,0,7
Instituto Nacional de Formación Técnica Profesional Humberto Velasquez Garcia,http://www.infotep.edu.co/,infotep,Colombia,608,6485,8692,3243,8635,5778,1,1,0,0,0,0
Universidad del Pedregal,http://www.upedregal.edu.mx/,upedregal,Mexico,1597,16838,11984,17042,8635,5778,0,72,37,57,153,82
Academia de Policía Walter Mendoza Martínez,http://www.edudis-policia.edu.ni/,edudis-policia,Nicaragua,3051,23384,6602,25041,8635,5778,0,58,34,27,0,0
Instituto Latinoamericano de Ciencias y Humanidades,http://www.ilaleon.com/,ilaleon,Mexico,3170,23887,23503,23678,8635,5778,0,60,3,11,0,6
Faculdade Joaquim Nabuco,http://www.joaquimnabuco.edu.br/,joaquimnabuco,Brazil,1443,15718,9047,16272,8635,5778,0,18,2,5,1,6
UCP Faculdades do Centro do Paraná Pitanga FATEC Ivaiporã,http://ucpparana.edu.br/,ucpparana,Brazil,2466,20993,15882,21552,8635,5778,0,1,1,1,0,6